,surgery,age,rectal_temp,pulse,respiratory_rate,temp_of_extremities,peripheral_pulse,mucous_membrane,capillary_refill_time,pain,peristalsis,abdominal_distention,nasogastric_tube,nasogastric_reflux,rectal_exam_feces,abdomen,packed_cell_volume,total_protein,outcome,surgical_lesion,lesion_1,lesion_2,lesion_3,cp_data
0,no,adult,0.5740740740740745,0.23376623376623376,0.22727272727272727,cool,reduced,pale_cyanotic,more_3_sec,extreme_pain,absent,severe,slight,none,decreased,distend_large,0.4230769230769231,0.05950991831971996,died,no,11300,0,0,no
1,yes,adult,0.7037037037037047,0.37662337662337664,0.13636363636363635,cool,reduced,pale_cyanotic,less_3_sec,mild_pain,absent,slight,slight,none,absent,other,0.5192307692307693,0.9533255542590432,euthanized,no,2208,0,0,no
2,no,adult,0.5370370370370369,0.06493506493506493,0.18181818181818182,normal,normal,pale_pink,less_3_sec,mild_pain,hypomotile,none,slight,none,normal,normal,0.19230769230769232,0.039673278879813305,lived,no,0,0,0,yes
3,yes,young,0.6851851851851859,0.8701298701298701,0.8636363636363636,cold,normal,dark_cyanotic,more_3_sec,depressed,absent,severe,none,less_1_liter,decreased,distend_large,0.4807692307692308,0.045507584597432905,died,yes,2208,0,0,yes
4,no,adult,0.3518518518518517,0.4805194805194805,0.3068181818181818,cool,reduced,dark_cyanotic,more_3_sec,extreme_pain,hypomotile,moderate,slight,none,absent,distend_large,0.9807692307692307,0.04784130688448075,died,no,4300,0,0,no
5,no,adult,0.5168128654970767,0.21702393991550617,0.24180581323438466,warm,normal,pale_pink,less_3_sec,depressed,hypomotile,slight,slight,none,decreased,firm,0.3793706293706294,0.27963650507407795,lived,no,0,0,0,no
6,yes,adult,0.4629629629629631,0.11688311688311688,0.09090909090909091,normal,normal,normal_pink,less_3_sec,mild_pain,hypomotile,moderate,none,none,decreased,distend_large,0.2692307692307692,0.043173862310385065,lived,yes,3124,0,0,no
7,yes,adult,0.5146750524109014,0.19480519480519481,0.28448275862068967,cool,reduced,pale_cyanotic,less_3_sec,extreme_pain,absent,slight,slight,none,decreased,distend_small,0.40384615384615385,0.05834305717619604,died,yes,2208,0,0,no
8,no,adult,0.4912854030501096,0.3246753246753247,0.3181818181818182,cool,absent,pale_pink,less_3_sec,severe_pain,absent,severe,slight,none,decreased,distend_large,0.28846153846153844,0.033838973162193704,euthanized,yes,3205,0,0,no
9,no,young,0.5370370370370369,0.38961038961038963,0.24180581323438466,normal,normal,normal_pink,less_3_sec,extreme_pain,hypomotile,none,slight,none,decreased,distend_large,0.3269230769230769,0.033838973162193704,lived,no,0,0,0,yes
10,yes,adult,0.5000000000000007,0.23376623376623376,0.045454545454545456,cool,reduced,bright_red,less_3_sec,mild_pain,hypomotile,none,slight,none,increased,distend_large,0.40384615384615385,0.03150525087514586,lived,yes,2124,0,0,yes
11,no,adult,0.6851851851851859,0.2727272727272727,0.5,warm,normal,bright_pink,less_3_sec,depressed,hypermotile,slight,none,none,absent,distend_small,0.5192307692307693,0.052508751458576426,lived,yes,2111,0,0,no
12,yes,adult,0.3333333333333342,0.07792207792207792,0.045454545454545456,warm,normal,normal_pink,less_3_sec,mild_pain,hypomotile,moderate,significant,none,absent,distend_large,0.3793706293706294,0.043173862310385065,lived,no,4124,0,0,no
13,no,young,0.4814814814814819,0.4025974025974026,0.22727272727272727,normal,normal,bright_pink,less_3_sec,alert,hypomotile,slight,significant,none,normal,normal,0.2692307692307692,0.03267211201866978,died,no,0,0,0,yes
14,yes,adult,0.5185185185185195,0.2987012987012987,0.22727272727272727,cool,normal,normal_pink,less_3_sec,mild_pain,absent,none,slight,less_1_liter,absent,distend_small,0.4423076923076923,0.9066511085180864,lived,yes,2112,0,0,no
15,yes,adult,0.40740740740740805,0.42857142857142855,0.45454545454545453,cool,normal,pale_cyanotic,less_3_sec,extreme_pain,hypomotile,moderate,slight,more_1_liter,absent,distend_large,0.4230769230769231,0.040840140023337225,died,yes,3207,0,0,no
16,yes,young,0.5146750524109014,0.6363636363636364,0.3181818181818182,cool,reduced,pale_cyanotic,more_3_sec,severe_pain,absent,moderate,significant,none,absent,distend_large,0.5769230769230769,0.052508751458576426,died,no,1400,0,0,yes
17,no,adult,0.38888888888888923,0.11688311688311688,0.18181818181818182,normal,normal,normal_pink,less_3_sec,mild_pain,hypomotile,none,slight,none,normal,distend_large,0.3793706293706294,0.27963650507407795,lived,no,0,0,0,no
18,yes,adult,0.40740740740740805,0.22077922077922077,0.14772727272727273,normal,normal,bright_pink,less_3_sec,depressed,hypomotile,none,none,none,increased,distend_large,0.3269230769230769,0.043173862310385065,lived,yes,4205,0,0,yes
19,no,adult,0.7407407407407409,0.5194805194805194,0.3068181818181818,cold,reduced,dark_cyanotic,less_3_sec,mild_pain,hypomotile,moderate,slight,none,normal,distend_large,0.6153846153846154,0.0630105017502917,lived,no,0,0,0,no
20,yes,adult,0.8333333333333336,0.2727272727272727,0.5909090909090909,normal,normal,bright_red,more_3_sec,extreme_pain,absent,severe,significant,none,absent,distend_small,0.4423076923076923,0.03267211201866978,lived,yes,2111,0,0,no
21,no,adult,0.5555555555555557,0.11688311688311688,0.09090909090909091,normal,normal,normal_pink,less_3_sec,alert,hypomotile,none,slight,more_1_liter,absent,firm,0.5,0.040840140023337225,lived,no,0,0,0,no
22,yes,adult,0.5925925925925932,0.07792207792207792,0.29545454545454547,warm,normal,pale_cyanotic,less_3_sec,depressed,hypomotile,none,slight,none,normal,distend_large,0.4807692307692308,0.045507584597432905,lived,yes,3111,0,0,no
23,yes,young,0.5370370370370369,0.6493506493506493,0.5909090909090909,normal,reduced,normal_pink,less_3_sec,depressed,absent,none,slight,none,normal,distend_large,0.5192307692307693,0.7782963827304551,lived,yes,3111,0,0,no
24,yes,adult,0.5000000000000007,0.19480519480519481,0.045454545454545456,cool,reduced,pale_pink,less_3_sec,mild_pain,absent,moderate,significant,less_1_liter,normal,distend_large,0.5384615384615384,0.7199533255542591,lived,yes,3111,0,0,no
25,no,adult,0.4444444444444443,0.19480519480519481,0.38636363636363635,normal,normal,normal_pink,less_3_sec,mild_pain,hypomotile,none,slight,none,normal,distend_large,0.3793706293706294,0.27963650507407795,lived,no,0,0,0,no
26,yes,adult,0.5370370370370369,0.2727272727272727,0.25,cold,reduced,pale_pink,more_3_sec,mild_pain,hypomotile,moderate,slight,none,decreased,distend_large,0.38461538461538464,0.043173862310385065,lived,yes,3111,0,0,yes
27,yes,adult,0.4444444444444443,0.11688311688311688,0.045454545454545456,cool,normal,normal_pink,less_3_sec,mild_pain,hypomotile,slight,none,none,normal,firm,0.2692307692307692,0.025670945157526256,lived,no,4122,0,0,yes
28,yes,adult,0.5146750524109014,0.37160566706021253,0.28448275862068967,cool,reduced,pale_cyanotic,less_3_sec,extreme_pain,hypomotile,moderate,slight,none,absent,distend_large,0.568004459308807,0.04136073961044789,died,no,4300,0,0,no
29,no,adult,0.4259259259259268,0.11688311688311688,0.24180581323438466,warm,normal,normal_pink,less_3_sec,alert,hypermotile,none,none,none,normal,distend_large,0.4230769230769231,0.8483080513418904,lived,no,0,0,0,no
30,no,adult,0.4259259259259268,0.42857142857142855,0.25,cool,reduced,pale_cyanotic,more_3_sec,extreme_pain,absent,severe,significant,less_1_liter,absent,distend_large,0.8269230769230769,0.049008168028004666,died,yes,4205,0,0,no
31,no,adult,0.3333333333333342,0.5064935064935064,0.045454545454545456,cool,reduced,pale_cyanotic,more_3_sec,depressed,absent,slight,slight,more_1_liter,decreased,firm,0.5576923076923077,0.05717619603267211,euthanized,yes,2207,0,0,yes
32,yes,adult,0.3333333333333342,0.19480519480519481,0.24180581323438466,warm,normal,normal_pink,less_3_sec,mild_pain,hypomotile,moderate,slight,none,absent,distend_large,0.38461538461538464,0.03850641773628938,lived,yes,2209,0,0,no
33,yes,adult,0.5185185185185195,0.22077922077922077,0.22727272727272727,normal,normal,normal_pink,less_3_sec,mild_pain,hypermotile,none,slight,none,absent,distend_small,0.5,0.06184364060676779,lived,yes,2208,0,0,yes
34,yes,adult,0.5168128654970767,0.45454545454545453,0.25,cool,reduced,pale_cyanotic,more_3_sec,extreme_pain,absent,severe,significant,more_1_liter,absent,distend_small,0.5576923076923077,0.03850641773628938,lived,yes,1124,0,0,no
35,no,adult,0.4912854030501096,0.4805194805194805,0.18181818181818182,cold,reduced,pale_pink,more_3_sec,severe_pain,absent,moderate,slight,more_1_liter,absent,other,0.9615384615384616,0.05950991831971996,euthanized,yes,7111,0,0,no
36,no,adult,0.5370370370370369,0.5324675324675324,0.09090909090909091,cool,reduced,bright_red,more_3_sec,depressed,absent,none,none,less_1_liter,absent,distend_large,0.5384615384615384,0.03150525087514586,euthanized,no,5205,0,0,yes
37,yes,adult,0.4444444444444443,0.2727272727272727,0.24180581323438466,normal,reduced,normal_pink,less_3_sec,extreme_pain,hypomotile,none,slight,none,normal,normal,0.6346153846153846,0.8949824970828472,lived,yes,3111,0,0,no
38,no,adult,0.5925925925925932,0.14285714285714285,0.24180581323438466,normal,normal,normal_pink,less_3_sec,mild_pain,hypomotile,slight,none,none,normal,firm,0.17307692307692307,0.03850641773628938,lived,no,0,0,0,yes
39,yes,young,0.7037037037037047,0.7532467532467533,1.0,cool,reduced,pale_cyanotic,less_3_sec,extreme_pain,hypomotile,moderate,slight,none,absent,distend_large,0.568004459308807,0.04136073961044789,died,yes,2113,0,0,no
40,yes,adult,0.5146750524109014,0.37662337662337664,0.28448275862068967,cool,reduced,dark_cyanotic,more_3_sec,extreme_pain,hypomotile,moderate,none,more_1_liter,absent,distend_large,0.7692307692307693,0.037339556592765465,died,yes,4205,0,0,no
41,no,young,0.6666666666666671,0.7792207792207793,0.7272727272727273,normal,normal,normal_pink,less_3_sec,mild_pain,hypomotile,none,slight,none,normal,distend_large,0.46153846153846156,0.060676779463243874,lived,yes,9400,0,0,yes
42,no,adult,0.4814814814814819,0.19480519480519481,0.045454545454545456,cool,normal,pale_pink,less_3_sec,mild_pain,hypomotile,none,none,none,increased,other,0.46153846153846156,0.043173862310385065,lived,no,3111,0,0,no
43,yes,adult,0.4912854030501096,0.5844155844155844,0.26294191919191917,cool,absent,pale_cyanotic,less_3_sec,severe_pain,absent,severe,none,none,absent,distend_large,0.5576923076923077,0.7432905484247375,euthanized,yes,3205,0,0,no
44,yes,adult,0.0,0.7142857142857143,0.18181818181818182,cool,reduced,pale_cyanotic,more_3_sec,severe_pain,absent,moderate,slight,none,absent,distend_large,0.6538461538461539,0.7666277712952159,euthanized,yes,3205,0,0,no
45,no,adult,0.5146750524109014,0.5844155844155844,0.28448275862068967,cold,reduced,pale_cyanotic,more_3_sec,extreme_pain,absent,severe,none,none,absent,distend_large,0.7115384615384616,0.037339556592765465,died,yes,3205,0,0,no
46,yes,adult,0.4629629629629631,0.19480519480519481,0.07954545454545454,cool,normal,pale_cyanotic,more_3_sec,extreme_pain,absent,severe,slight,less_1_liter,absent,distend_large,0.8076923076923077,0.049008168028004666,lived,yes,2305,0,0,yes
47,no,adult,0.38888888888888923,0.11688311688311688,0.09090909090909091,normal,normal,normal_pink,less_3_sec,alert,hypermotile,none,none,none,normal,distend_large,0.2692307692307692,0.037339556592765465,lived,no,0,0,0,no
48,yes,adult,0.6481481481481484,0.3246753246753247,0.4090909090909091,cool,reduced,pale_pink,more_3_sec,depressed,hypomotile,moderate,slight,less_1_liter,decreased,normal,0.5961538461538461,0.037339556592765465,died,yes,7111,0,0,no
49,no,adult,0.3333333333333342,0.35064935064935066,0.45454545454545453,cool,reduced,bright_red,more_3_sec,severe_pain,hypermotile,slight,none,less_1_liter,increased,normal,0.9615384615384616,0.025670945157526256,died,no,4300,0,0,yes
50,no,adult,0.5925925925925932,0.1038961038961039,0.24180581323438466,normal,normal,bright_pink,less_3_sec,alert,hypomotile,slight,none,none,normal,other,0.5,0.0676779463243874,lived,no,3111,0,0,yes
51,yes,adult,0.37037037037037046,0.35064935064935066,0.3181818181818182,normal,reduced,pale_pink,more_3_sec,mild_pain,hypomotile,slight,slight,none,absent,distend_large,0.568004459308807,0.04136073961044789,died,yes,7209,0,0,yes
52,no,adult,0.5168128654970767,0.21702393991550617,0.24180581323438466,normal,normal,pale_pink,less_3_sec,alert,hypomotile,none,slight,none,increased,other,0.38461538461538464,0.05134189031505251,lived,no,3111,0,0,no
53,no,adult,0.5925925925925932,0.06493506493506493,0.13636363636363635,normal,normal,normal_pink,less_3_sec,mild_pain,hypomotile,none,slight,none,normal,distend_large,0.34615384615384615,0.036172695449241545,lived,no,3111,0,0,yes
54,no,adult,0.9074074074074073,0.5454545454545454,0.3181818181818182,cool,reduced,normal_pink,more_3_sec,depressed,hypomotile,moderate,slight,none,normal,distend_large,0.6538461538461539,0.05600933488914819,euthanized,yes,7400,0,0,yes
55,yes,young,0.5925925925925932,0.8441558441558441,0.13636363636363635,cool,reduced,bright_red,less_3_sec,mild_pain,hypomotile,severe,significant,none,absent,distend_large,0.28846153846153844,0.04136073961044789,died,yes,7111,0,0,yes
56,yes,adult,0.5168128654970767,0.21702393991550617,0.24180581323438466,normal,normal,normal_pink,less_3_sec,mild_pain,hypomotile,none,slight,none,normal,distend_large,0.019230769230769232,0.039673278879813305,lived,yes,3112,0,0,no
57,yes,adult,0.5146750524109014,0.22077922077922077,0.3181818181818182,warm,reduced,bright_pink,less_3_sec,extreme_pain,hypomotile,moderate,slight,less_1_liter,absent,distend_large,0.36538461538461536,0.05134189031505251,died,yes,3209,0,0,no
58,yes,adult,0.5146750524109014,0.37160566706021253,0.13636363636363635,cold,reduced,pale_pink,less_3_sec,extreme_pain,absent,moderate,slight,none,absent,distend_small,0.5769230769230769,0.030338389731621944,died,yes,3205,0,0,yes
59,no,adult,0.5146750524109014,0.42857142857142855,0.28448275862068967,cool,reduced,pale_pink,more_3_sec,extreme_pain,absent,severe,none,less_1_liter,absent,distend_large,0.7115384615384616,0.04136073961044789,died,yes,4205,0,0,no
60,no,adult,0.4444444444444443,0.11688311688311688,0.2727272727272727,normal,normal,pale_pink,less_3_sec,depressed,hypermotile,none,none,none,absent,distend_large,0.2692307692307692,0.039673278879813305,lived,no,2124,0,0,no
61,no,adult,0.5740740740740745,0.19480519480519481,0.24180581323438466,warm,increased,normal_pink,less_3_sec,alert,normal,slight,slight,none,normal,normal,0.40384615384615385,0.05134189031505251,lived,no,0,0,0,no
62,yes,adult,0.4444444444444443,0.37662337662337664,0.1590909090909091,warm,normal,bright_pink,less_3_sec,mild_pain,hypomotile,moderate,slight,none,absent,distend_large,0.7884615384615384,0.05484247374562427,died,yes,3205,0,0,yes
63,no,adult,0.5185185185185195,0.6493506493506493,0.09090909090909091,cold,reduced,pale_cyanotic,more_3_sec,depressed,absent,severe,none,none,absent,distend_large,0.8076923076923077,0.9183197199533255,euthanized,no,2209,1400,0,no
64,yes,adult,0.6666666666666671,0.22077922077922077,0.3181818181818182,cool,normal,pale_cyanotic,more_3_sec,mild_pain,hypomotile,slight,none,less_1_liter,absent,distend_large,0.40384615384615385,0.049008168028004666,lived,yes,2113,0,0,yes
65,yes,adult,0.5168128654970767,0.19480519480519481,0.3181818181818182,cool,normal,pale_pink,less_3_sec,mild_pain,hypomotile,slight,none,none,decreased,distend_small,0.057692307692307696,0.8016336056009334,lived,yes,2208,0,0,no
66,no,adult,0.4629629629629631,0.2727272727272727,0.24180581323438466,normal,normal,bright_red,more_3_sec,mild_pain,hypomotile,none,none,more_1_liter,decreased,distend_small,0.6730769230769231,0.8249708284714119,lived,yes,2322,0,0,no
67,no,adult,0.5555555555555557,0.15584415584415584,0.18181818181818182,normal,normal,normal_pink,less_3_sec,alert,hypomotile,none,slight,none,decreased,other,0.5,0.045507584597432905,lived,no,3111,0,0,yes
68,no,adult,0.5168128654970767,0.14285714285714285,0.09090909090909091,normal,normal,pale_pink,less_3_sec,mild_pain,hypomotile,none,slight,more_1_liter,normal,distend_large,0.6153846153846154,0.045507584597432905,lived,no,2124,0,0,no
69,no,adult,0.4814814814814819,0.11688311688311688,0.045454545454545456,normal,normal,normal_pink,less_3_sec,alert,hypomotile,none,none,none,decreased,other,0.36538461538461536,0.03500583430571762,lived,no,3111,0,0,yes
70,no,adult,0.2962962962962966,0.19480519480519481,0.13636363636363635,cool,reduced,pale_cyanotic,less_3_sec,mild_pain,absent,moderate,slight,less_1_liter,absent,distend_small,0.38461538461538464,0.050175029171528586,euthanized,yes,2209,0,0,yes
71,yes,adult,0.4444444444444443,0.11688311688311688,0.22727272727272727,normal,normal,normal_pink,less_3_sec,alert,normal,none,slight,none,normal,normal,0.4423076923076923,0.030338389731621944,lived,no,0,0,0,yes
72,yes,adult,0.4259259259259268,0.16883116883116883,0.28448275862068967,cool,reduced,pale_cyanotic,less_3_sec,extreme_pain,hypomotile,moderate,slight,none,absent,distend_large,0.568004459308807,0.04136073961044789,died,yes,2113,0,0,no
73,yes,adult,0.5000000000000007,0.14285714285714285,0.18181818181818182,normal,normal,bright_red,less_3_sec,severe_pain,hypomotile,none,slight,more_1_liter,normal,distend_large,0.5961538461538461,0.049008168028004666,died,yes,2112,0,0,yes
74,yes,young,0.5146750524109014,0.37160566706021253,0.28448275862068967,cool,reduced,pale_cyanotic,less_3_sec,extreme_pain,hypomotile,moderate,slight,none,absent,distend_large,0.2692307692307692,0.018669778296382736,died,yes,11124,0,0,no
75,yes,young,0.7962962962962973,0.45454545454545453,0.26294191919191917,cool,reduced,bright_red,more_3_sec,depressed,hypomotile,moderate,slight,none,absent,distend_large,0.4807692307692308,0.6266044340723455,euthanized,yes,1400,0,0,no
76,yes,adult,0.40740740740740805,0.05194805194805195,0.13636363636363635,cool,reduced,normal_pink,less_3_sec,mild_pain,hypomotile,slight,slight,none,decreased,distend_large,0.2692307692307692,0.7549591598599766,lived,yes,3205,0,0,no
77,no,adult,0.611111111111112,0.14285714285714285,0.13636363636363635,warm,normal,normal_pink,less_3_sec,alert,hypermotile,none,none,none,normal,normal,0.19230769230769232,0.8599766627771295,lived,no,0,0,0,no
78,yes,adult,0.5146750524109014,0.37160566706021253,0.28448275862068967,cool,reduced,pale_pink,3,extreme_pain,hypomotile,moderate,significant,less_1_liter,absent,distend_large,0.4423076923076923,0.030338389731621944,died,yes,3025,0,0,no
79,yes,adult,0.38888888888888923,0.42857142857142855,0.11363636363636363,normal,reduced,dark_cyanotic,more_3_sec,mild_pain,absent,slight,slight,more_1_liter,normal,distend_small,0.8846153846153846,0.06534422403733955,lived,yes,2208,0,0,yes
80,yes,adult,0.18518518518518523,0.44155844155844154,0.3068181818181818,cool,reduced,pale_cyanotic,less_3_sec,severe_pain,hypomotile,slight,slight,none,absent,distend_small,0.46153846153846156,0.036172695449241545,died,yes,2205,0,0,yes
81,yes,adult,0.3518518518518517,0.06493506493506493,0.24180581323438466,normal,reduced,normal_pink,less_3_sec,depressed,hypomotile,slight,significant,none,decreased,distend_large,0.25,0.27963650507407795,lived,yes,3111,0,0,no
82,yes,young,0.5000000000000007,0.45454545454545453,0.8181818181818182,cool,normal,bright_pink,less_3_sec,mild_pain,absent,none,slight,none,normal,distend_large,0.25,0.0280046674445741,lived,yes,3111,0,0,no
83,yes,adult,0.4814814814814819,0.37160566706021253,0.18181818181818182,cool,reduced,dark_cyanotic,more_3_sec,extreme_pain,hypomotile,severe,none,none,absent,distend_large,0.8653846153846154,0.052508751458576426,died,yes,3205,0,0,no
84,yes,adult,0.4444444444444443,0.19480519480519481,0.8181818181818182,normal,reduced,bright_pink,more_3_sec,depressed,hypomotile,moderate,slight,less_1_liter,absent,distend_large,0.3269230769230769,0.01400233372228705,lived,yes,5206,0,0,yes
85,no,adult,0.4814814814814819,0.15584415584415584,0.25,warm,reduced,pale_pink,3,mild_pain,hypermotile,slight,slight,less_1_liter,normal,distend_small,0.4230769230769231,0.033838973162193704,lived,no,400,0,0,no
86,yes,adult,0.5146750524109014,0.37662337662337664,0.36363636363636365,cool,reduced,pale_cyanotic,more_3_sec,extreme_pain,absent,moderate,significant,none,absent,distend_large,0.5192307692307693,0.05134189031505251,died,yes,4205,0,0,yes
87,no,adult,0.4912854030501096,0.06493506493506493,0.09090909090909091,cool,reduced,pale_cyanotic,less_3_sec,depressed,absent,moderate,slight,none,absent,distend_large,0.5192307692307693,0.043173862310385065,euthanized,yes,2208,0,0,yes
88,no,adult,0.6666666666666671,0.22077922077922077,0.36363636363636365,normal,normal,bright_red,less_3_sec,mild_pain,hypomotile,slight,slight,none,decreased,firm,0.36538461538461536,0.049008168028004666,lived,no,5000,0,0,yes
89,no,adult,0.5370370370370369,0.07792207792207792,0.022727272727272728,normal,normal,normal_pink,less_3_sec,alert,hypermotile,none,slight,none,normal,distend_large,0.28846153846153844,0.6732788798133023,lived,no,0,0,0,no
90,no,adult,0.4814814814814819,0.14285714285714285,0.09090909090909091,normal,normal,normal_pink,less_3_sec,depressed,hypomotile,none,slight,more_1_liter,normal,normal,0.5769230769230769,0.9649941656942824,lived,yes,2322,0,0,no
91,no,adult,0.9074074074074073,0.5454545454545454,0.3181818181818182,cool,reduced,normal_pink,more_3_sec,depressed,hypomotile,moderate,slight,none,normal,distend_large,0.6538461538461539,0.05600933488914819,died,yes,3205,0,0,yes
92,no,adult,0.6296296296296295,0.12987012987012986,0.13636363636363635,cool,normal,normal_pink,less_3_sec,alert,hypermotile,none,slight,none,decreased,normal,0.36538461538461536,0.033838973162193704,lived,no,0,0,0,no
93,no,adult,0.5146750524109014,0.37160566706021253,0.28448275862068967,cool,reduced,normal_pink,less_3_sec,extreme_pain,hypomotile,moderate,none,none,absent,distend_large,0.28846153846153844,0.037339556592765465,died,yes,3205,0,0,no
94,no,adult,0.38888888888888923,0.11688311688311688,0.25,cold,normal,pale_pink,less_3_sec,mild_pain,normal,none,none,none,normal,normal,0.4807692307692308,0.06184364060676779,lived,no,0,0,0,no
95,yes,adult,0.3518518518518517,0.11688311688311688,0.13636363636363635,normal,normal,bright_pink,less_3_sec,mild_pain,hypomotile,moderate,slight,none,decreased,distend_large,0.34615384615384615,0.7666277712952159,lived,yes,3205,0,0,no
96,no,adult,0.5168128654970767,0.35064935064935066,0.3181818181818182,normal,normal,pale_pink,less_3_sec,mild_pain,hypomotile,none,slight,none,decreased,other,0.40384615384615385,0.060676779463243874,lived,yes,3111,0,0,no
97,yes,adult,0.5000000000000007,0.37662337662337664,0.2727272727272727,cool,reduced,pale_cyanotic,less_3_sec,depressed,hypomotile,moderate,slight,more_1_liter,absent,distend_large,0.6153846153846154,0.661610268378063,euthanized,no,3205,0,0,no
98,no,adult,0.4259259259259268,0.09090909090909091,0.36363636363636365,warm,normal,pale_pink,less_3_sec,alert,hypomotile,slight,none,none,normal,distend_large,0.34615384615384615,0.661610268378063,lived,no,0,0,0,no
99,no,adult,0.7777777777777785,0.5064935064935064,0.48863636363636365,cool,reduced,dark_cyanotic,more_3_sec,depressed,absent,moderate,none,less_1_liter,decreased,distend_large,0.6923076923076923,0.05484247374562427,lived,no,4300,0,0,yes
100,yes,adult,0.5185185185185195,0.06493506493506493,0.09090909090909091,cool,reduced,normal_pink,less_3_sec,alert,hypomotile,none,slight,none,normal,normal,0.21153846153846154,0.7316219369894983,lived,no,0,0,0,no
101,yes,adult,0.4912854030501096,0.19480519480519481,0.13636363636363635,cold,reduced,pale_cyanotic,more_3_sec,extreme_pain,absent,moderate,slight,none,absent,distend_large,0.5341880341880342,0.45202904187735,euthanized,yes,3205,0,0,no
102,no,adult,0.5370370370370369,0.06493506493506493,0.09090909090909091,cool,normal,normal_pink,less_3_sec,depressed,hypomotile,none,slight,none,normal,distend_large,0.2692307692307692,0.6266044340723455,lived,no,0,0,0,no
103,yes,young,0.4814814814814819,0.7142857142857143,0.6818181818181818,normal,normal,normal_pink,less_3_sec,mild_pain,hypomotile,slight,slight,none,increased,normal,0.3076923076923077,0.023337222870478413,lived,yes,7111,0,0,no
104,yes,adult,0.4444444444444443,0.14285714285714285,0.18181818181818182,normal,reduced,pale_pink,less_3_sec,severe_pain,absent,none,slight,more_1_liter,increased,distend_large,0.4807692307692308,0.03850641773628938,died,yes,5400,0,0,no
105,yes,adult,0.5168128654970767,0.2597402597402597,0.3181818181818182,normal,normal,pale_pink,more_3_sec,depressed,hypomotile,slight,slight,none,absent,distend_large,0.25,0.046674445740956826,lived,yes,31110,0,0,no
106,yes,adult,0.5370370370370369,0.14285714285714285,1.0,normal,reduced,pale_pink,less_3_sec,mild_pain,hypomotile,none,none,none,normal,distend_large,0.38461538461538464,0.03267211201866978,lived,yes,3209,0,0,yes
107,no,adult,0.3518518518518517,0.12987012987012986,0.2727272727272727,normal,normal,pale_pink,less_3_sec,alert,hypomotile,slight,slight,none,normal,distend_large,0.40384615384615385,0.043173862310385065,lived,no,0,0,0,no
108,yes,adult,0.611111111111112,0.19480519480519481,0.2727272727272727,cold,reduced,bright_pink,more_3_sec,severe_pain,absent,severe,slight,none,absent,distend_large,0.5769230769230769,0.7082847141190198,euthanized,yes,3205,0,0,no
109,yes,young,0.5555555555555557,0.35064935064935066,0.36363636363636365,cool,reduced,bright_pink,less_3_sec,mild_pain,hypomotile,moderate,none,none,absent,distend_large,0.25,0.03850641773628938,died,yes,2205,0,0,yes
110,yes,adult,0.5146750524109014,0.2597402597402597,0.09090909090909091,cool,absent,bright_red,more_3_sec,depressed,hypomotile,slight,slight,none,absent,distend_large,0.7115384615384616,0.049008168028004666,died,yes,2112,0,0,no
111,yes,adult,0.5370370370370369,0.06493506493506493,0.09090909090909091,cool,normal,normal_pink,less_3_sec,alert,hypomotile,slight,slight,none,normal,distend_large,0.28846153846153844,0.6382730455075846,lived,yes,3111,7111,0,no
112,yes,adult,0.5168128654970767,0.06493506493506493,0.24180581323438466,warm,normal,normal_pink,less_3_sec,alert,hypomotile,none,none,none,normal,distend_large,0.3076923076923077,0.6149358226371062,lived,yes,3111,0,0,no
113,yes,adult,0.2592592592592591,0.19480519480519481,0.22727272727272727,cool,reduced,pale_cyanotic,less_3_sec,extreme_pain,hypomotile,moderate,slight,none,absent,distend_large,0.568004459308807,0.04136073961044789,died,yes,3205,0,0,yes
114,yes,adult,0.5555555555555557,0.09090909090909091,0.18181818181818182,cool,normal,pale_cyanotic,less_3_sec,extreme_pain,absent,moderate,slight,none,absent,distend_large,0.5192307692307693,0.8599766627771295,lived,yes,3205,0,0,no
115,no,adult,0.5168128654970767,0.21702393991550617,0.36363636363636365,cool,normal,normal_pink,less_3_sec,mild_pain,hypomotile,slight,slight,none,normal,distend_large,0.4230769230769231,0.7782963827304551,lived,no,0,0,0,no
116,yes,adult,0.4814814814814819,0.09090909090909091,0.045454545454545456,normal,normal,normal_pink,less_3_sec,mild_pain,hypomotile,moderate,slight,none,absent,distend_large,0.36538461538461536,0.7199533255542591,lived,yes,3205,3111,0,no
117,no,adult,0.7592592592592597,0.33600120809423134,0.26294191919191917,cool,reduced,pale_cyanotic,more_3_sec,mild_pain,absent,moderate,slight,more_1_liter,absent,distend_large,0.5341880341880342,0.039673278879813305,euthanized,yes,4205,0,0,no
118,yes,adult,0.20370370370370403,0.3116883116883117,0.25,normal,normal,normal_pink,less_3_sec,extreme_pain,hypomotile,none,slight,none,normal,distend_large,0.21153846153846154,0.8366394399066511,lived,yes,3112,6112,0,no
119,no,adult,0.5000000000000007,0.16883116883116883,0.13636363636363635,warm,normal,bright_pink,less_3_sec,alert,hypomotile,none,none,none,normal,distend_large,0.4423076923076923,0.7782963827304551,lived,no,0,0,0,no
120,yes,adult,0.7407407407407409,0.15584415584415584,0.6590909090909091,normal,normal,bright_pink,less_3_sec,depressed,hypomotile,slight,none,none,decreased,distend_small,0.3076923076923077,0.03150525087514586,lived,yes,2206,0,0,yes
121,yes,adult,0.5370370370370369,0.3246753246753247,0.36363636363636365,cool,reduced,dark_cyanotic,more_3_sec,severe_pain,hypomotile,none,slight,less_1_liter,normal,distend_small,0.8461538461538461,0.08051341890315052,euthanized,yes,2208,0,0,no
122,no,adult,0.611111111111112,0.06493506493506493,0.22727272727272727,warm,normal,normal_pink,less_3_sec,mild_pain,hypermotile,none,slight,none,normal,distend_large,0.3076923076923077,0.6849474912485415,lived,no,0,0,0,no
123,yes,adult,0.5185185185185195,0.22077922077922077,0.18181818181818182,normal,normal,pale_pink,less_3_sec,severe_pain,absent,moderate,slight,none,absent,distend_small,0.4230769230769231,0.049008168028004666,died,yes,3205,0,0,yes
124,no,adult,0.40740740740740805,0.11688311688311688,0.13636363636363635,cool,normal,pale_cyanotic,less_3_sec,alert,hypermotile,moderate,slight,none,normal,normal,0.2692307692307692,0.025670945157526256,euthanized,yes,2205,0,0,no
125,yes,adult,0.4814814814814819,0.07792207792207792,0.6818181818181818,cold,normal,normal_pink,less_3_sec,mild_pain,hypomotile,slight,slight,less_1_liter,absent,distend_small,0.34615384615384615,0.050175029171528586,lived,yes,2205,0,0,no
126,yes,adult,0.611111111111112,0.21702393991550617,0.24180581323438466,cool,normal,pale_pink,less_3_sec,extreme_pain,absent,slight,slight,none,normal,distend_large,0.19230769230769232,0.037339556592765465,lived,yes,31110,0,0,no
127,yes,adult,0.37037037037037046,0.12987012987012986,0.2727272727272727,cool,reduced,normal_pink,less_3_sec,severe_pain,absent,none,slight,none,normal,distend_large,0.4230769230769231,0.05367561260210035,lived,yes,2208,0,0,yes
128,yes,adult,0.37037037037037046,0.35064935064935066,0.13636363636363635,cool,reduced,pale_pink,less_3_sec,depressed,hypomotile,moderate,slight,none,absent,distend_large,0.15384615384615385,0.6732788798133023,euthanized,no,2208,0,0,no
129,yes,adult,0.5555555555555557,0.12337662337662338,0.24180581323438466,normal,normal,normal_pink,less_3_sec,mild_pain,hypomotile,none,slight,none,normal,distend_large,0.40384615384615385,0.050175029171528586,lived,yes,2206,0,0,no
130,yes,adult,0.4444444444444443,0.0,0.045454545454545456,cool,reduced,pale_cyanotic,less_3_sec,extreme_pain,hypomotile,moderate,slight,none,absent,distend_large,0.568004459308807,0.04136073961044789,died,yes,2113,0,0,no
131,no,adult,0.40740740740740805,0.37662337662337664,0.3181818181818182,cool,normal,normal_pink,less_3_sec,mild_pain,hypomotile,slight,none,more_1_liter,absent,distend_large,0.40384615384615385,0.03150525087514586,died,yes,1400,0,0,no
132,no,adult,0.4629629629629631,0.06493506493506493,0.18181818181818182,normal,normal,normal_pink,less_3_sec,depressed,hypomotile,none,slight,none,normal,firm,0.3269230769230769,0.0280046674445741,lived,yes,400,0,0,no
133,yes,adult,0.5146750524109014,0.45454545454545453,0.28448275862068967,cool,reduced,pale_cyanotic,more_3_sec,extreme_pain,absent,moderate,slight,none,increased,distend_large,0.6923076923076923,0.03500583430571762,died,yes,4205,0,0,no
134,yes,young,0.5000000000000007,0.6883116883116883,0.45454545454545453,cool,reduced,pale_pink,less_3_sec,extreme_pain,hypermotile,moderate,slight,less_1_liter,increased,distend_large,0.19230769230769232,0.018669778296382736,died,yes,2205,0,0,yes
135,yes,adult,0.5146750524109014,0.37160566706021253,0.28448275862068967,cool,reduced,pale_pink,more_3_sec,extreme_pain,hypomotile,moderate,significant,less_1_liter,absent,distend_large,0.4423076923076923,0.030338389731621944,died,yes,3025,0,0,no
136,yes,adult,0.4814814814814819,0.11688311688311688,0.24180581323438466,normal,normal,normal_pink,less_3_sec,alert,normal,severe,slight,less_1_liter,absent,distend_large,0.3793706293706294,0.27963650507407795,lived,yes,3111,0,0,no
137,no,adult,0.4814814814814819,0.16883116883116883,0.24180581323438466,normal,increased,pale_pink,less_3_sec,alert,hypermotile,none,none,none,normal,normal,0.36538461538461536,0.7899649941656943,lived,no,0,0,0,no
138,no,adult,0.4814814814814819,0.19480519480519481,0.2727272727272727,normal,normal,normal_pink,less_3_sec,mild_pain,hypomotile,none,none,none,normal,distend_large,0.5192307692307693,0.043173862310385065,lived,no,0,0,0,no
139,yes,adult,0.5000000000000007,0.09090909090909091,0.011363636363636364,cool,normal,normal_pink,less_3_sec,depressed,normal,none,none,none,absent,distend_large,0.15384615384615385,0.046674445740956826,lived,no,5124,0,0,no
140,no,adult,0.11111111111111141,0.07792207792207792,0.25,cool,reduced,bright_red,less_3_sec,extreme_pain,hypomotile,moderate,slight,none,absent,distend_large,0.7884615384615384,0.040840140023337225,died,no,1400,0,0,no
141,yes,adult,0.5146750524109014,0.5844155844155844,0.28448275862068967,cold,reduced,dark_cyanotic,more_3_sec,extreme_pain,absent,severe,slight,none,absent,distend_large,0.6538461538461539,0.01400233372228705,died,yes,3205,0,0,yes
142,yes,adult,0.4444444444444443,0.11688311688311688,0.22727272727272727,normal,normal,normal_pink,more_3_sec,alert,normal,none,slight,none,normal,normal,0.4423076923076923,0.030338389731621944,lived,no,0,0,0,yes
143,yes,adult,0.31481481481481544,0.35064935064935066,0.36363636363636365,cool,reduced,dark_cyanotic,less_3_sec,depressed,absent,severe,significant,less_1_liter,absent,distend_large,1.0,0.9066511085180864,euthanized,no,1400,0,0,no
144,no,adult,0.5168128654970767,0.3246753246753247,0.2727272727272727,cool,reduced,bright_pink,less_3_sec,depressed,hypomotile,moderate,slight,none,decreased,distend_large,0.5192307692307693,0.8949824970828472,lived,yes,0,0,0,no
145,yes,adult,0.5185185185185195,0.11688311688311688,0.24180581323438466,normal,reduced,pale_pink,less_3_sec,mild_pain,absent,severe,none,more_1_liter,absent,distend_large,0.36538461538461536,0.7899649941656943,lived,yes,3111,0,0,no
146,no,adult,0.4814814814814819,0.09090909090909091,0.045454545454545456,warm,normal,pale_pink,less_3_sec,mild_pain,absent,moderate,none,less_1_liter,normal,distend_small,0.19230769230769232,0.037339556592765465,died,yes,2209,0,0,no
147,yes,adult,0.5370370370370369,0.6623376623376623,0.24180581323438466,normal,reduced,dark_cyanotic,more_3_sec,depressed,absent,slight,slight,more_1_liter,absent,distend_small,0.6538461538461539,0.05484247374562427,lived,yes,2112,0,0,yes
148,no,adult,0.611111111111112,0.11688311688311688,0.18181818181818182,normal,normal,normal_pink,less_3_sec,alert,hypermotile,none,none,none,normal,distend_large,0.21153846153846154,0.6966161026837806,lived,no,0,0,0,no
149,no,adult,0.6481481481481484,0.09090909090909091,0.06818181818181818,cool,normal,normal_pink,less_3_sec,depressed,hypomotile,slight,slight,none,normal,other,0.19230769230769232,0.7082847141190198,lived,no,0,0,0,no
150,yes,adult,0.7222222222222221,0.37160566706021253,0.28448275862068967,cold,reduced,dark_cyanotic,more_3_sec,severe_pain,absent,slight,none,more_1_liter,absent,distend_small,1.0,0.04136073961044789,died,yes,2207,0,0,yes
151,yes,adult,0.5168128654970767,0.45454545454545453,0.24180581323438466,cool,reduced,pale_cyanotic,more_3_sec,mild_pain,absent,severe,slight,none,normal,distend_large,0.8653846153846154,0.7082847141190198,lived,yes,2209,0,0,no
152,no,adult,0.5925925925925932,0.11688311688311688,0.13636363636363635,cool,normal,normal_pink,less_3_sec,alert,hypomotile,slight,slight,none,decreased,other,0.5192307692307693,0.046674445740956826,lived,no,3111,0,0,yes
153,no,adult,0.6296296296296295,0.11688311688311688,0.36363636363636365,normal,normal,pale_pink,less_3_sec,mild_pain,hypomotile,severe,slight,none,normal,distend_large,0.34615384615384615,0.7199533255542591,lived,yes,4124,0,0,no
154,no,adult,0.4814814814814819,0.11688311688311688,0.13636363636363635,cool,reduced,pale_cyanotic,less_3_sec,alert,absent,slight,slight,none,normal,other,0.5,0.05834305717619604,lived,no,400,0,0,yes
155,no,adult,0.5925925925925932,0.14285714285714285,0.13636363636363635,normal,normal,normal_pink,less_3_sec,mild_pain,hypomotile,slight,none,none,normal,firm,0.25,0.03850641773628938,lived,no,0,0,0,yes
156,yes,adult,0.4444444444444443,0.19480519480519481,0.18181818181818182,normal,reduced,pale_pink,more_3_sec,depressed,absent,severe,slight,more_1_liter,absent,distend_large,0.5576923076923077,0.8366394399066511,euthanized,yes,2205,0,0,no
157,no,adult,0.4814814814814819,0.07792207792207792,0.36363636363636365,cool,normal,normal_pink,less_3_sec,mild_pain,hypomotile,none,slight,none,normal,distend_large,0.3793706293706294,0.27963650507407795,lived,no,3111,0,0,no
158,no,adult,0.5168128654970767,0.21702393991550617,0.045454545454545456,normal,normal,bright_pink,less_3_sec,depressed,hypermotile,slight,significant,none,normal,firm,0.40384615384615385,0.049008168028004666,lived,no,0,0,0,yes
159,yes,adult,0.5168128654970767,0.21702393991550617,0.24180581323438466,normal,normal,normal_pink,less_3_sec,severe_pain,hypomotile,none,none,none,normal,distend_large,0.23076923076923078,0.6382730455075846,lived,yes,4205,0,0,no
160,yes,adult,0.5370370370370369,0.07792207792207792,0.18181818181818182,cool,reduced,pale_cyanotic,less_3_sec,extreme_pain,hypomotile,moderate,slight,none,absent,distend_large,0.3269230769230769,0.060676779463243874,died,yes,7113,0,0,no
161,no,adult,0.7592592592592597,0.19480519480519481,0.022727272727272728,cool,normal,normal_pink,more_3_sec,mild_pain,hypomotile,slight,slight,none,decreased,distend_large,0.28846153846153844,0.6149358226371062,lived,no,0,0,0,no
162,yes,adult,0.4814814814814819,0.23376623376623376,0.13636363636363635,normal,reduced,pale_pink,less_3_sec,extreme_pain,hypomotile,none,none,none,decreased,distend_large,0.4423076923076923,0.49824970828471415,euthanized,yes,6209,0,0,no
163,yes,adult,0.611111111111112,0.2987012987012987,0.24180581323438466,normal,normal,bright_red,more_3_sec,mild_pain,hypomotile,slight,slight,less_1_liter,absent,distend_small,0.5192307692307693,0.05484247374562427,lived,yes,2208,0,0,yes
164,yes,adult,0.7407407407407409,0.5844155844155844,0.45454545454545453,cool,reduced,bright_red,less_3_sec,depressed,hypomotile,moderate,none,none,absent,distend_large,0.6346153846153846,0.7082847141190198,euthanized,no,1400,0,0,no
165,yes,adult,0.5370370370370369,0.06493506493506493,0.11363636363636363,normal,normal,normal_pink,less_3_sec,mild_pain,hypermotile,none,slight,none,increased,normal,0.38461538461538464,0.030338389731621944,lived,no,0,0,0,yes
166,no,adult,0.5168128654970767,0.09090909090909091,0.18181818181818182,normal,normal,normal_pink,less_3_sec,mild_pain,hypomotile,none,slight,none,normal,normal,0.3793706293706294,0.03500583430571762,lived,no,3111,0,0,no
167,yes,adult,0.5555555555555557,0.4805194805194805,0.36363636363636365,normal,normal,pale_pink,less_3_sec,depressed,absent,slight,slight,more_1_liter,normal,distend_small,0.6153846153846154,0.060676779463243874,lived,yes,2124,0,0,no
168,yes,adult,0.4912854030501096,0.22727272727272727,0.18181818181818182,cool,reduced,pale_cyanotic,more_3_sec,extreme_pain,absent,severe,significant,none,absent,distend_large,0.5341880341880342,0.45202904187735,euthanized,yes,3205,0,0,no
169,no,adult,0.38888888888888923,0.09090909090909091,0.13636363636363635,normal,normal,pale_pink,less_3_sec,mild_pain,hypermotile,none,slight,none,normal,distend_large,0.23076923076923078,0.045507584597432905,lived,no,0,0,0,no
170,no,adult,0.6666666666666671,0.36363636363636365,0.09090909090909091,cool,reduced,bright_red,less_3_sec,mild_pain,hypomotile,moderate,slight,less_1_liter,absent,distend_large,0.8653846153846154,0.029171528588098017,died,yes,5400,0,0,yes
171,yes,adult,0.5740740740740745,0.6428571428571429,0.45454545454545453,cool,reduced,pale_pink,less_3_sec,depressed,absent,moderate,none,more_1_liter,normal,distend_large,0.6538461538461539,0.7316219369894983,lived,yes,2206,0,0,no
172,yes,adult,0.5146750524109014,0.4805194805194805,0.28448275862068967,cool,reduced,bright_red,more_3_sec,depressed,absent,moderate,slight,more_1_liter,absent,distend_small,0.8846153846153846,0.06184364060676779,died,yes,2207,0,0,yes
173,no,adult,0.5146750524109014,0.37160566706021253,0.28448275862068967,cool,absent,dark_cyanotic,less_3_sec,severe_pain,hypomotile,severe,slight,none,absent,distend_large,0.568004459308807,0.04136073961044789,died,yes,3400,0,0,yes
174,yes,adult,0.5168128654970767,0.21702393991550617,0.24180581323438466,normal,normal,normal_pink,less_3_sec,mild_pain,hypomotile,none,slight,none,normal,distend_large,0.3793706293706294,0.27963650507407795,lived,yes,2208,0,0,no
175,yes,adult,0.5185185185185195,0.19480519480519481,0.25,normal,normal,pale_pink,less_3_sec,mild_pain,hypomotile,none,slight,none,decreased,other,0.4807692307692308,0.7316219369894983,lived,yes,6112,0,0,no
176,yes,adult,0.5146750524109014,0.24675324675324675,0.06818181818181818,cool,reduced,pale_cyanotic,less_3_sec,severe_pain,hypomotile,moderate,slight,none,absent,distend_large,0.568004459308807,0.04136073961044789,died,yes,4205,0,0,yes
177,yes,adult,0.5168128654970767,0.19480519480519481,0.25,cool,reduced,pale_cyanotic,more_3_sec,extreme_pain,absent,severe,none,none,absent,distend_large,0.4230769230769231,0.7782963827304551,lived,yes,6111,3111,0,no
178,no,adult,0.5740740740740745,0.45454545454545453,0.26294191919191917,cool,reduced,bright_red,more_3_sec,severe_pain,hypomotile,severe,slight,none,absent,distend_large,0.5341880341880342,0.45202904187735,euthanized,no,1111,0,0,yes
179,yes,adult,0.5555555555555557,0.35064935064935066,0.25,cool,normal,bright_red,more_3_sec,severe_pain,hypomotile,moderate,slight,more_1_liter,absent,distend_small,0.46153846153846156,0.049008168028004666,died,yes,2300,0,0,no
180,no,adult,0.4444444444444443,0.11688311688311688,0.06818181818181818,normal,normal,normal_pink,less_3_sec,mild_pain,hypomotile,slight,none,more_1_liter,normal,distend_large,0.23076923076923078,0.049008168028004666,lived,no,3111,0,0,yes
181,yes,adult,0.4814814814814819,0.37160566706021253,0.18181818181818182,cool,reduced,dark_cyanotic,more_3_sec,extreme_pain,hypomotile,severe,none,none,absent,distend_large,0.8653846153846154,0.052508751458576426,died,yes,2205,0,0,no
182,no,adult,0.4444444444444443,0.16883116883116883,0.09090909090909091,normal,normal,bright_pink,less_3_sec,depressed,hypermotile,none,slight,none,normal,distend_large,0.40384615384615385,0.7549591598599766,lived,no,0,0,0,no
183,no,adult,0.5185185185185195,0.24675324675324675,0.2727272727272727,warm,increased,bright_pink,less_3_sec,alert,hypermotile,none,significant,none,normal,normal,0.38461538461538464,0.7199533255542591,lived,no,0,0,0,no
184,yes,adult,0.5740740740740745,0.5844155844155844,0.5909090909090909,cold,reduced,dark_cyanotic,more_3_sec,mild_pain,hypomotile,none,slight,none,normal,distend_large,0.5961538461538461,0.27963650507407795,lived,yes,5400,0,0,no
185,yes,adult,0.7222222222222221,0.22077922077922077,0.9318181818181818,warm,reduced,normal_pink,less_3_sec,mild_pain,hypomotile,none,none,less_1_liter,normal,distend_large,0.3076923076923077,0.039673278879813305,lived,yes,21110,0,0,no
186,yes,adult,0.5555555555555557,0.3246753246753247,0.25,cold,reduced,normal_pink,less_3_sec,mild_pain,hypomotile,moderate,significant,more_1_liter,absent,distend_large,0.17307692307692307,0.03267211201866978,lived,yes,7209,0,0,yes
187,yes,adult,0.5740740740740745,0.19480519480519481,0.24180581323438466,normal,normal,normal_pink,less_3_sec,mild_pain,hypermotile,none,slight,none,normal,distend_large,0.19230769230769232,0.5799299883313885,lived,yes,4111,0,0,no
188,yes,adult,0.5370370370370369,0.19480519480519481,0.09090909090909091,cool,normal,normal_pink,less_3_sec,depressed,hypermotile,none,slight,less_1_liter,normal,distend_small,0.1346153846153846,0.03150525087514586,lived,yes,31110,0,0,no
189,yes,adult,0.31481481481481544,0.06493506493506493,0.0,normal,normal,pale_cyanotic,less_3_sec,mild_pain,hypomotile,none,none,none,decreased,firm,0.0,0.039673278879813305,lived,yes,3133,0,0,yes
190,no,young,0.5168128654970767,0.45454545454545453,0.4090909090909091,warm,normal,normal_pink,less_3_sec,severe_pain,hypermotile,none,slight,none,normal,distend_large,0.2692307692307692,0.016336056009334892,lived,no,7111,0,0,no
191,yes,adult,0.5185185185185195,0.11688311688311688,0.11363636363636363,normal,normal,normal_pink,less_3_sec,mild_pain,hypomotile,moderate,none,less_1_liter,absent,distend_large,0.4807692307692308,0.8249708284714119,lived,yes,5111,0,0,no
192,yes,adult,0.5146750524109014,0.19480519480519481,0.45454545454545453,cool,reduced,pale_cyanotic,more_3_sec,severe_pain,hypomotile,severe,slight,none,absent,distend_large,0.6730769230769231,0.050175029171528586,died,yes,3205,0,0,no
193,no,adult,0.4629629629629631,0.37662337662337664,0.18181818181818182,normal,normal,bright_pink,less_3_sec,depressed,normal,none,slight,none,absent,normal,0.2692307692307692,0.6149358226371062,lived,no,0,0,0,no
194,no,adult,0.4814814814814819,0.09090909090909091,0.045454545454545456,cool,normal,normal_pink,less_3_sec,mild_pain,hypermotile,slight,slight,none,normal,distend_large,0.36538461538461536,0.7082847141190198,lived,no,0,0,0,no
195,no,adult,0.5740740740740745,0.19480519480519481,0.13636363636363635,normal,normal,bright_red,more_3_sec,depressed,normal,none,slight,none,increased,firm,0.7692307692307693,0.049008168028004666,euthanized,no,300,0,0,yes
196,no,adult,0.5740740740740745,0.42857142857142855,0.3181818181818182,cool,reduced,pale_cyanotic,more_3_sec,depressed,absent,slight,none,less_1_liter,absent,distend_large,0.9038461538461539,0.060676779463243874,died,yes,1400,0,0,yes
197,no,adult,0.5370370370370369,0.19480519480519481,0.13636363636363635,normal,normal,normal_pink,more_3_sec,alert,hypomotile,none,slight,none,decreased,distend_large,0.21153846153846154,0.7316219369894983,lived,no,0,0,0,no
198,no,adult,0.5740740740740745,0.19480519480519481,0.36363636363636365,cool,normal,bright_pink,less_3_sec,depressed,hypermotile,slight,slight,none,decreased,other,0.5,0.6499416569428238,lived,no,0,0,0,no
199,yes,adult,0.3518518518518517,0.11688311688311688,0.045454545454545456,normal,normal,pale_pink,less_3_sec,mild_pain,hypermotile,moderate,slight,none,decreased,firm,0.3269230769230769,0.03850641773628938,lived,yes,3205,0,0,yes
200,yes,adult,0.5740740740740745,0.36363636363636365,0.28448275862068967,normal,normal,pale_pink,less_3_sec,severe_pain,absent,moderate,slight,none,decreased,distend_large,0.4230769230769231,0.04784130688448075,died,yes,3209,0,0,yes
201,yes,adult,0.38888888888888923,0.11688311688311688,0.36363636363636365,cool,reduced,pale_cyanotic,more_3_sec,depressed,absent,moderate,none,none,absent,distend_large,0.34615384615384615,0.603267211201867,euthanized,yes,2208,0,0,no
202,no,adult,0.3333333333333342,0.03896103896103896,0.011363636363636364,normal,normal,normal_pink,less_3_sec,depressed,hypomotile,none,slight,none,absent,normal,0.23076923076923078,0.0280046674445741,lived,no,31110,0,0,no
203,yes,adult,0.7037037037037047,0.21702393991550617,0.17045454545454544,cool,normal,pale_pink,less_3_sec,severe_pain,absent,slight,slight,none,normal,distend_large,0.25,0.03850641773628938,lived,yes,3115,0,0,yes
204,no,adult,0.5740740740740745,0.45454545454545453,0.26294191919191917,cool,reduced,bright_red,more_3_sec,severe_pain,hypomotile,severe,slight,none,absent,distend_large,0.5341880341880342,0.45202904187735,euthanized,no,4124,0,0,no
205,yes,adult,0.5740740740740745,0.42857142857142855,0.25,warm,reduced,pale_cyanotic,more_3_sec,severe_pain,absent,moderate,slight,none,decreased,distend_large,0.5192307692307693,0.7199533255542591,lived,yes,6111,3112,0,no
206,yes,adult,0.5146750524109014,0.37160566706021253,0.28448275862068967,cool,reduced,pale_cyanotic,less_3_sec,extreme_pain,hypomotile,moderate,slight,none,absent,distend_large,0.4230769230769231,0.0630105017502917,died,yes,2208,0,0,no
207,yes,adult,0.4444444444444443,0.37662337662337664,0.8181818181818182,cool,reduced,bright_red,more_3_sec,depressed,hypomotile,moderate,slight,more_1_liter,absent,distend_large,0.7884615384615384,1.0,euthanized,yes,3205,0,0,no
208,no,adult,0.38888888888888923,0.09090909090909091,0.022727272727272728,cool,normal,normal_pink,less_3_sec,mild_pain,hypermotile,slight,slight,none,decreased,firm,0.38461538461538464,0.5565927654609102,lived,no,0,0,0,no
209,yes,adult,0.4629629629629631,0.24675324675324675,0.13636363636363635,cool,normal,bright_pink,less_3_sec,depressed,absent,slight,slight,none,normal,distend_large,0.4230769230769231,0.008168028004667446,died,yes,5400,0,0,yes
210,yes,adult,0.4814814814814819,0.36363636363636365,0.18181818181818182,cold,reduced,pale_cyanotic,less_3_sec,depressed,absent,severe,none,none,absent,distend_large,0.4230769230769231,0.025670945157526256,died,yes,3111,0,0,yes
211,yes,young,0.6481481481481484,0.5844155844155844,0.25,normal,reduced,bright_pink,more_3_sec,mild_pain,hypomotile,moderate,significant,none,normal,distend_large,0.46153846153846156,0.03500583430571762,lived,no,2124,0,0,no
212,yes,adult,0.40740740740740805,0.09740259740259741,0.045454545454545456,cool,normal,pale_pink,less_3_sec,mild_pain,normal,slight,slight,none,normal,distend_small,0.3076923076923077,0.043173862310385065,lived,yes,2112,0,0,yes
213,no,adult,0.5925925925925932,0.16883116883116883,0.2727272727272727,warm,normal,normal_pink,less_3_sec,alert,hypermotile,none,slight,none,increased,distend_large,0.3269230769230769,0.043173862310385065,lived,no,0,0,0,yes
214,yes,adult,0.4444444444444443,0.06493506493506493,0.045454545454545456,normal,normal,normal_pink,less_3_sec,alert,normal,none,slight,none,normal,other,0.28846153846153844,0.043173862310385065,lived,yes,3111,0,0,no
215,no,adult,0.5168128654970767,0.21702393991550617,0.24180581323438466,normal,normal,normal_pink,less_3_sec,mild_pain,hypomotile,none,slight,none,normal,distend_large,0.3793706293706294,0.27963650507407795,lived,no,0,0,0,no
216,yes,adult,0.4814814814814819,0.2987012987012987,0.11363636363636363,normal,normal,normal_pink,more_3_sec,mild_pain,hypomotile,none,slight,none,normal,distend_large,0.9230769230769231,0.08984830805134189,lived,yes,2209,0,0,yes
217,yes,adult,0.5000000000000007,0.06493506493506493,0.3181818181818182,normal,increased,bright_pink,less_3_sec,depressed,normal,moderate,slight,none,absent,distend_large,0.5341880341880342,0.45202904187735,euthanized,yes,3112,0,0,no
218,yes,adult,0.5168128654970767,0.14285714285714285,0.22727272727272727,cool,reduced,pale_cyanotic,less_3_sec,mild_pain,absent,moderate,slight,none,absent,distend_small,0.2692307692307692,0.05600933488914819,lived,yes,2111,0,0,no
219,yes,adult,0.7037037037037047,0.37662337662337664,0.5681818181818182,cold,absent,pale_cyanotic,more_3_sec,extreme_pain,absent,moderate,slight,none,absent,distend_large,0.5341880341880342,0.45202904187735,euthanized,no,3205,0,0,no
220,yes,adult,0.5740740740740745,0.4025974025974026,0.36363636363636365,cold,reduced,normal_pink,less_3_sec,depressed,absent,moderate,slight,none,absent,distend_large,0.4423076923076923,0.7432905484247375,lived,yes,2208,0,0,no
221,yes,adult,0.5168128654970767,0.5324675324675324,0.056818181818181816,cold,absent,pale_cyanotic,less_3_sec,depressed,hypomotile,none,slight,none,absent,distend_small,0.7115384615384616,0.03500583430571762,lived,yes,2205,0,0,yes
222,yes,adult,0.4259259259259268,0.23376623376623376,0.045454545454545456,normal,normal,pale_pink,less_3_sec,mild_pain,hypomotile,slight,slight,none,absent,distend_small,0.16346153846153846,0.033838973162193704,lived,yes,2208,0,0,yes
223,yes,adult,0.6296296296296295,0.12987012987012986,0.06818181818181818,normal,normal,normal_pink,less_3_sec,mild_pain,hypermotile,none,none,none,decreased,distend_large,0.28846153846153844,0.6382730455075846,lived,yes,3111,0,0,no
224,no,adult,0.5555555555555557,0.15584415584415584,0.18181818181818182,normal,normal,normal_pink,less_3_sec,alert,hypomotile,none,slight,none,decreased,other,0.5,0.045507584597432905,lived,no,3111,0,0,yes
225,yes,adult,0.7037037037037047,0.5844155844155844,0.13636363636363635,cold,reduced,bright_red,more_3_sec,depressed,hypomotile,moderate,none,more_1_liter,absent,distend_small,0.7115384615384616,0.06417736289381565,died,yes,2205,0,0,no
226,yes,young,0.5168128654970767,0.21702393991550617,0.24180581323438466,normal,normal,normal_pink,less_3_sec,mild_pain,hypomotile,none,slight,none,normal,distend_large,0.4230769230769231,0.037339556592765465,lived,yes,9000,0,0,yes
227,yes,adult,0.3518518518518517,0.38961038961038963,0.36363636363636365,cool,reduced,dark_cyanotic,more_3_sec,extreme_pain,absent,moderate,slight,less_1_liter,normal,distend_large,0.8076923076923077,0.544924154025671,euthanized,yes,3205,0,0,no
228,yes,young,0.5740740740740745,0.5844155844155844,0.7045454545454546,normal,normal,normal_pink,less_3_sec,mild_pain,hypermotile,none,slight,none,normal,distend_large,0.23076923076923078,0.5915985997666278,lived,yes,4205,3111,2209,no
229,yes,adult,0.5740740740740745,0.4805194805194805,0.36363636363636365,cool,reduced,normal_pink,less_3_sec,severe_pain,hypomotile,severe,slight,none,normal,distend_large,0.3793706293706294,0.27963650507407795,lived,yes,2124,0,0,no
230,no,adult,0.7592592592592597,0.4025974025974026,0.22727272727272727,cool,reduced,dark_cyanotic,less_3_sec,extreme_pain,absent,none,slight,more_1_liter,absent,distend_large,0.9423076923076923,0.036172695449241545,died,no,3300,0,0,no
231,yes,adult,0.5740740740740745,0.0,0.11363636363636363,normal,normal,normal_pink,less_3_sec,mild_pain,hypomotile,none,slight,none,normal,distend_large,0.3269230769230769,0.05134189031505251,lived,yes,2113,0,0,no
232,yes,adult,0.5370370370370369,0.2727272727272727,0.25,cold,reduced,pale_pink,more_3_sec,mild_pain,hypomotile,moderate,slight,none,decreased,distend_large,0.38461538461538464,0.043173862310385065,lived,yes,3113,0,0,yes
233,no,adult,0.38888888888888923,0.11688311688311688,0.25,cold,normal,pale_pink,less_3_sec,mild_pain,normal,none,none,none,normal,normal,0.4807692307692308,0.06184364060676779,lived,no,400,0,0,no
234,yes,adult,0.5000000000000007,0.14285714285714285,0.18181818181818182,normal,normal,bright_red,less_3_sec,severe_pain,hypomotile,none,slight,more_1_liter,normal,distend_large,0.5961538461538461,0.049008168028004666,died,yes,2206,0,0,yes
235,no,adult,0.5185185185185195,0.07792207792207792,0.20454545454545456,normal,normal,normal_pink,less_3_sec,mild_pain,hypermotile,slight,slight,none,normal,distend_large,0.25,0.042007001166861145,lived,no,3111,0,0,no
236,no,adult,0.4629629629629631,0.15584415584415584,0.38636363636363635,warm,normal,bright_red,less_3_sec,mild_pain,hypermotile,none,slight,none,normal,other,0.46153846153846156,0.5915985997666278,lived,no,0,0,0,no
237,no,adult,0.12962962962963018,0.37662337662337664,0.26294191919191917,cool,reduced,pale_pink,less_3_sec,mild_pain,hypomotile,slight,slight,more_1_liter,absent,distend_small,0.4230769230769231,0.043173862310385065,euthanized,yes,2209,0,0,yes
238,yes,adult,0.5000000000000007,0.2597402597402597,0.1590909090909091,cool,normal,pale_cyanotic,less_3_sec,extreme_pain,hypomotile,moderate,slight,none,absent,distend_large,0.25,0.7199533255542591,euthanized,yes,3205,0,0,no
239,yes,adult,0.4814814814814819,0.38961038961038963,0.25,cold,reduced,pale_cyanotic,more_3_sec,extreme_pain,absent,severe,slight,none,absent,distend_large,0.6153846153846154,0.03267211201866978,died,yes,3205,0,0,no
240,yes,adult,0.5185185185185195,0.14285714285714285,0.09090909090909091,normal,normal,bright_pink,less_3_sec,alert,normal,none,none,none,normal,distend_large,0.38461538461538464,0.05600933488914819,lived,no,0,0,0,yes
241,yes,adult,0.5146750524109014,0.03896103896103896,0.2727272727272727,normal,normal,pale_cyanotic,less_3_sec,extreme_pain,hypomotile,moderate,slight,more_1_liter,absent,distend_small,0.34615384615384615,0.030338389731621944,died,yes,2205,0,0,no
242,yes,adult,0.5555555555555557,0.4025974025974026,0.13636363636363635,normal,normal,normal_pink,more_3_sec,mild_pain,hypomotile,moderate,slight,none,normal,distend_large,0.3793706293706294,0.27963650507407795,lived,yes,2208,0,0,yes
243,yes,young,0.5185185185185195,0.6103896103896104,0.9090909090909091,normal,reduced,bright_pink,less_3_sec,depressed,hypomotile,severe,slight,none,normal,distend_large,0.46153846153846156,0.05484247374562427,lived,yes,9400,0,0,yes
244,no,adult,0.5146750524109014,0.42857142857142855,0.28448275862068967,cool,reduced,pale_pink,more_3_sec,extreme_pain,absent,severe,slight,none,absent,distend_large,0.7115384615384616,0.04136073961044789,died,yes,41110,0,0,no
245,yes,adult,0.40740740740740805,0.24675324675324675,0.2727272727272727,cool,normal,pale_pink,less_3_sec,severe_pain,normal,severe,slight,less_1_liter,normal,distend_large,0.46153846153846156,0.045507584597432905,lived,yes,3209,0,0,no
246,yes,adult,0.5000000000000007,0.37662337662337664,0.18181818181818182,cool,reduced,pale_cyanotic,less_3_sec,extreme_pain,absent,moderate,slight,none,decreased,distend_small,0.34615384615384615,0.015169194865810967,died,yes,2209,0,0,no
247,yes,adult,0.4814814814814819,0.5064935064935064,0.5909090909090909,warm,reduced,pale_cyanotic,less_3_sec,severe_pain,hypomotile,moderate,slight,none,decreased,distend_small,0.3793706293706294,0.27963650507407795,lived,yes,2205,0,0,no
248,no,adult,0.5185185185185195,0.11688311688311688,0.24180581323438466,warm,normal,normal_pink,more_3_sec,mild_pain,hypomotile,none,slight,none,normal,other,0.21153846153846154,0.03850641773628938,lived,no,3111,0,0,no
249,yes,adult,0.7222222222222221,0.45454545454545453,0.48863636363636365,cold,absent,dark_cyanotic,less_3_sec,depressed,absent,none,none,more_1_liter,absent,distend_small,0.8269230769230769,0.1131855309218203,euthanized,yes,2113,0,0,no
250,no,adult,0.22222222222222282,0.07792207792207792,0.11363636363636363,cool,reduced,bright_pink,less_3_sec,alert,absent,none,none,none,absent,distend_large,0.5576923076923077,0.04434072345390898,died,yes,5111,0,0,no
251,yes,young,0.6296296296296295,0.6103896103896104,0.3181818181818182,cool,normal,bright_pink,less_3_sec,depressed,hypomotile,severe,none,none,absent,distend_small,0.5192307692307693,0.050175029171528586,died,yes,2208,0,0,yes
252,no,adult,0.5168128654970767,0.5324675324675324,0.18181818181818182,cool,reduced,pale_cyanotic,more_3_sec,extreme_pain,absent,slight,slight,none,absent,distend_large,0.3269230769230769,0.023337222870478413,lived,no,400,0,0,yes
253,yes,adult,0.5168128654970767,0.3246753246753247,0.24180581323438466,cool,reduced,pale_pink,less_3_sec,severe_pain,absent,severe,slight,none,absent,distend_large,0.38461538461538464,0.7782963827304551,lived,yes,3111,0,0,no
254,yes,young,0.6296296296296295,1.0,0.8636363636363636,normal,reduced,normal_pink,less_3_sec,severe_pain,hypermotile,moderate,slight,none,increased,distend_large,0.19230769230769232,0.0,died,yes,7111,0,0,no
255,yes,adult,0.38888888888888923,0.2727272727272727,0.26294191919191917,warm,normal,normal_pink,less_3_sec,depressed,hypermotile,none,none,none,normal,distend_large,0.23076923076923078,0.7199533255542591,euthanized,yes,7209,0,0,no
256,yes,adult,0.611111111111112,0.42857142857142855,0.22727272727272727,cool,reduced,pale_cyanotic,less_3_sec,extreme_pain,absent,moderate,slight,more_1_liter,absent,distend_large,0.7884615384615384,0.06651108518086347,died,yes,2205,0,0,yes
257,no,adult,0.38888888888888923,0.14285714285714285,0.045454545454545456,normal,normal,normal_pink,less_3_sec,depressed,hypomotile,slight,slight,none,decreased,distend_large,0.25,0.6732788798133023,lived,no,0,0,0,no
258,yes,adult,1.0,0.2727272727272727,0.38636363636363635,cool,reduced,normal_pink,less_3_sec,depressed,hypomotile,none,slight,none,absent,distend_large,0.5961538461538461,0.04784130688448075,died,yes,11400,0,0,yes
259,no,adult,0.4814814814814819,0.06493506493506493,0.19318181818181818,normal,normal,normal_pink,less_3_sec,severe_pain,hypomotile,slight,none,none,absent,distend_large,0.2692307692307692,0.7666277712952159,lived,no,0,0,0,no
260,no,adult,0.5555555555555557,0.11688311688311688,0.09090909090909091,warm,normal,normal_pink,less_3_sec,alert,hypomotile,slight,slight,none,normal,other,0.3076923076923077,0.037339556592765465,lived,no,3111,0,0,yes
261,no,young,0.5925925925925932,0.37662337662337664,0.22727272727272727,normal,normal,normal_pink,less_3_sec,mild_pain,hypomotile,none,slight,none,normal,distend_large,0.23076923076923078,0.030338389731621944,lived,no,0,0,0,no
262,yes,adult,0.31481481481481544,0.2922077922077922,0.3181818181818182,cool,reduced,pale_pink,more_3_sec,severe_pain,absent,slight,slight,more_1_liter,absent,distend_small,0.4807692307692308,0.04784130688448075,died,yes,12208,0,0,yes
263,yes,adult,0.5370370370370369,0.09090909090909091,0.14772727272727273,cool,normal,bright_pink,less_3_sec,mild_pain,hypomotile,moderate,slight,none,normal,distend_large,0.40384615384615385,0.037339556592765465,lived,yes,2209,0,0,yes
264,no,adult,0.4912854030501096,0.16883116883116883,0.6818181818181818,cool,normal,normal_pink,less_3_sec,mild_pain,hypomotile,none,slight,none,normal,distend_large,0.3269230769230769,0.03150525087514586,euthanized,yes,5206,0,0,no
265,no,adult,0.5925925925925932,0.24675324675324675,0.13636363636363635,warm,normal,pale_pink,less_3_sec,mild_pain,hypomotile,slight,none,none,normal,distend_large,0.28846153846153844,0.037339556592765465,lived,no,5124,0,0,yes
266,no,adult,0.5370370370370369,0.15584415584415584,0.11363636363636363,cool,normal,bright_pink,less_3_sec,depressed,hypomotile,slight,slight,more_1_liter,normal,distend_small,0.40384615384615385,0.045507584597432905,lived,no,2124,0,0,yes
267,yes,adult,0.5185185185185195,0.07792207792207792,0.13636363636363635,normal,normal,normal_pink,less_3_sec,mild_pain,hypomotile,none,slight,none,decreased,distend_large,0.46153846153846156,0.661610268378063,lived,no,0,0,0,no
268,yes,adult,0.7222222222222221,0.22077922077922077,0.9318181818181818,warm,reduced,normal_pink,less_3_sec,mild_pain,hypomotile,none,none,less_1_liter,normal,distend_large,0.3076923076923077,0.039673278879813305,lived,yes,31110,0,0,no
269,yes,adult,0.38888888888888923,0.19480519480519481,0.4772727272727273,cool,reduced,normal_pink,less_3_sec,mild_pain,hypomotile,slight,slight,less_1_liter,decreased,distend_small,0.23076923076923078,0.037339556592765465,died,yes,2209,0,0,no
270,yes,adult,0.4259259259259268,0.3246753246753247,0.24180581323438466,cool,reduced,dark_cyanotic,less_3_sec,extreme_pain,absent,none,slight,more_1_liter,decreased,normal,0.5192307692307693,0.603267211201867,lived,yes,4206,0,0,no
271,yes,adult,0.5168128654970767,0.45454545454545453,0.25,cool,reduced,pale_cyanotic,more_3_sec,extreme_pain,absent,severe,significant,more_1_liter,absent,distend_small,0.5576923076923077,0.03850641773628938,lived,yes,2124,0,0,no
272,yes,adult,0.4259259259259268,0.5844155844155844,0.22727272727272727,cool,reduced,pale_pink,less_3_sec,extreme_pain,hypomotile,moderate,none,none,absent,distend_large,0.8076923076923077,0.043173862310385065,died,yes,4205,0,0,yes
273,yes,adult,0.4912854030501096,0.2987012987012987,0.26294191919191917,cool,reduced,pale_cyanotic,more_3_sec,depressed,absent,severe,slight,none,absent,distend_large,0.5341880341880342,0.45202904187735,euthanized,yes,11124,0,0,no
274,yes,young,0.6296296296296295,0.7792207792207793,0.4772727272727273,normal,reduced,dark_cyanotic,more_3_sec,extreme_pain,hypomotile,slight,none,none,absent,distend_large,0.5192307692307693,0.033838973162193704,died,yes,4207,0,0,no
275,yes,adult,0.4814814814814819,0.03896103896103896,0.09090909090909091,cool,normal,normal_pink,less_3_sec,severe_pain,normal,slight,significant,more_1_liter,decreased,distend_large,0.2692307692307692,0.8366394399066511,euthanized,no,3111,0,0,no
276,no,adult,0.27777777777777785,0.12987012987012986,0.36363636363636365,warm,reduced,pale_pink,less_3_sec,alert,hypomotile,slight,significant,none,normal,distend_large,0.27884615384615385,0.037339556592765465,lived,no,3111,0,0,no
277,no,adult,0.4444444444444443,0.06493506493506493,0.09090909090909091,normal,normal,normal_pink,less_3_sec,alert,hypermotile,none,slight,none,normal,normal,0.2692307692307692,0.040840140023337225,lived,no,0,0,0,no
278,no,adult,0.5185185185185195,0.16883116883116883,0.36363636363636365,cold,reduced,normal_pink,less_3_sec,depressed,absent,moderate,slight,less_1_liter,normal,distend_large,0.46153846153846156,0.045507584597432905,lived,no,8300,0,0,yes
279,yes,adult,0.5925925925925932,0.11688311688311688,0.045454545454545456,normal,normal,normal_pink,less_3_sec,alert,hypermotile,none,slight,none,normal,distend_large,0.25,0.7432905484247375,lived,no,0,0,0,no
280,no,adult,0.8518518518518523,0.3116883116883117,0.28448275862068967,cool,reduced,bright_red,less_3_sec,depressed,hypomotile,none,none,none,absent,normal,0.8269230769230769,0.037339556592765465,died,yes,8400,0,0,yes
281,yes,adult,0.5146750524109014,0.2597402597402597,0.09090909090909091,cool,absent,bright_red,more_3_sec,depressed,hypomotile,slight,slight,none,absent,distend_large,0.7115384615384616,0.049008168028004666,died,yes,1400,0,0,no
282,yes,adult,0.5185185185185195,0.2727272727272727,0.11363636363636363,normal,normal,normal_pink,less_3_sec,mild_pain,hypomotile,none,slight,none,normal,distend_large,0.23076923076923078,0.036172695449241545,lived,yes,3124,0,0,no
283,no,adult,0.5740740740740745,0.15584415584415584,0.24180581323438466,normal,normal,normal_pink,less_3_sec,mild_pain,hypermotile,none,slight,none,normal,distend_large,0.3269230769230769,0.040840140023337225,lived,no,0,0,0,yes
284,yes,adult,0.5740740740740745,0.23376623376623376,0.18181818181818182,normal,normal,normal_pink,less_3_sec,mild_pain,hypomotile,none,slight,none,absent,distend_large,0.3269230769230769,0.039673278879813305,lived,yes,31110,0,0,yes
285,no,adult,0.4444444444444443,0.33766233766233766,0.045454545454545456,cool,normal,normal_pink,more_3_sec,severe_pain,absent,moderate,none,more_1_liter,absent,distend_large,0.5192307692307693,0.043173862310385065,euthanized,yes,2205,0,0,no
286,no,young,0.7592592592592597,0.35064935064935066,0.25,normal,normal,normal_pink,less_3_sec,mild_pain,hypomotile,none,slight,none,normal,distend_large,0.09615384615384616,0.019836639439906652,lived,no,0,0,0,no
287,yes,adult,0.5168128654970767,0.21702393991550617,0.24180581323438466,normal,normal,normal_pink,less_3_sec,mild_pain,hypomotile,none,slight,none,normal,distend_large,0.3793706293706294,0.27963650507407795,lived,yes,2124,0,0,no
288,yes,adult,0.4814814814814819,0.12987012987012986,0.3181818181818182,normal,normal,normal_pink,less_3_sec,mild_pain,normal,slight,slight,none,decreased,distend_large,0.3076923076923077,0.03850641773628938,lived,yes,8400,0,0,yes
289,no,adult,0.5925925925925932,0.09740259740259741,0.09090909090909091,warm,normal,bright_pink,less_3_sec,alert,hypermotile,none,slight,none,normal,normal,0.38461538461538464,0.6382730455075846,lived,no,0,0,0,no
290,yes,adult,0.6481481481481484,0.3246753246753247,0.4090909090909091,cool,reduced,pale_pink,less_3_sec,depressed,hypomotile,moderate,slight,less_1_liter,decreased,normal,0.5961538461538461,0.037339556592765465,died,yes,7111,0,0,no
291,yes,adult,0.2962962962962966,0.23376623376623376,0.13636363636363635,normal,reduced,bright_pink,less_3_sec,severe_pain,hypomotile,moderate,none,none,normal,distend_large,0.23076923076923078,0.042007001166861145,died,yes,31110,0,0,no
292,yes,adult,0.4912854030501096,0.3116883116883117,0.18181818181818182,cool,reduced,pale_pink,less_3_sec,depressed,hypomotile,moderate,slight,none,absent,distend_small,0.38461538461538464,0.6849474912485415,euthanized,no,2209,0,0,no
293,no,adult,0.5740740740740745,0.06493506493506493,0.09090909090909091,normal,normal,normal_pink,less_3_sec,depressed,hypermotile,none,slight,none,decreased,other,0.2692307692307692,0.7432905484247375,lived,no,0,0,0,no
294,yes,adult,0.4912854030501096,0.5844155844155844,0.7045454545454546,cold,reduced,pale_cyanotic,more_3_sec,depressed,absent,moderate,slight,none,absent,distend_large,0.6153846153846154,0.7199533255542591,euthanized,no,3205,0,0,no
295,no,adult,0.3333333333333342,0.2727272727272727,0.18181818181818182,cool,increased,pale_cyanotic,more_3_sec,severe_pain,hypomotile,moderate,significant,none,absent,distend_small,0.40384615384615385,0.45202904187735,euthanized,yes,2208,0,0,yes
296,yes,adult,0.38888888888888923,0.2727272727272727,0.25,cold,reduced,pale_cyanotic,less_3_sec,severe_pain,absent,moderate,slight,none,decreased,distend_large,0.7115384615384616,0.040840140023337225,died,yes,3205,0,0,no
297,yes,adult,0.20370370370370403,0.45454545454545453,0.18181818181818182,cool,reduced,pale_pink,less_3_sec,mild_pain,hypomotile,moderate,significant,none,absent,distend_small,0.5192307692307693,0.03150525087514586,lived,yes,2208,0,0,yes
298,yes,adult,0.3333333333333342,0.06493506493506493,0.13636363636363635,cool,reduced,pale_cyanotic,more_3_sec,depressed,absent,moderate,slight,none,absent,normal,0.25,0.6849474912485415,euthanized,no,6112,0,0,no
